period,rent,wage,rent_index,wage_index,rent_80m2,rent_share_of_wage
2017,4.39,1215.0,100.0,100.0,351.2,28.90534979423868
2018,4.8,1240.25,109.33940774487472,102.07818930041152,384.0,30.961499697641603
2019,5.32,1275.75,121.18451025056949,105.0,425.6,33.360768175583
2020,5.61,1315.5,127.79043280182233,108.27160493827162,448.8,34.11630558722919
2021,6.04,1360.25,137.5854214123007,111.95473251028807,483.2,35.52288182319426
2022,6.52,1410.25,148.51936218678816,116.06995884773663,521.5999999999999,36.98634993795425
2023,7.21,1505.5,164.23690205011388,123.90946502057614,576.8,38.31285287279973
2024,7.97,1603.0,181.5489749430524,131.93415637860082,637.6,39.77542108546476
2025,8.741593860684768,1695.0,199.12514489031363,139.50617283950618,699.3275088547814,41.25826010942663
Jun 2026,9.183848878394333,1737.75,209.19929107959757,143.02469135802468,734.7079102715466,42.27926400641902
