municipality_code,municipality,population,year,rent_start,rent_end,rent_growth_pct,size_group
0204,Barrancos,1413,2025,,,,"Small (≤ 50,000)"
0203,Alvito,2353,2025,,,,"Small (≤ 50,000)"
0802,Alcoutim,2467,2025,,,,"Small (≤ 50,000)"
1812,Penedono,2506,2025,,,,"Small (≤ 50,000)"
0708,Mourão,2524,2025,,,,"Small (≤ 50,000)"
1007,Castanheira de Pêra,2747,2025,,,,"Small (≤ 50,000)"
1202,Arronches,2841,2025,,,,"Small (≤ 50,000)"
1211,Monforte,2876,2025,,,,"Small (≤ 50,000)"
1210,Marvão,2908,2025,,,,"Small (≤ 50,000)"
1208,Fronteira,2957,2025,,,,"Small (≤ 50,000)"
0404,Freixo de Espada à Cinta,2958,2025,,,,"Small (≤ 50,000)"
0908,Manteigas,2958,2025,,,,"Small (≤ 50,000)"
1205,Castelo de Vide,3022,2025,,,,"Small (≤ 50,000)"
1201,Alter do Chão,3194,2025,,,,"Small (≤ 50,000)"
0510,Vila de Rei,3229,2025,,,,"Small (≤ 50,000)"
1209,Gavião,3250,2025,,,,"Small (≤ 50,000)"
0612,Pampilhosa da Serra,3304,2025,,,,"Small (≤ 50,000)"
1206,Crato,3318,2025,,,,"Small (≤ 50,000)"
1704,Mesão Frio,3381,2025,,,,"Small (≤ 50,000)"
0511,Vila Velha de Ródão,3418,2025,,,,"Small (≤ 50,000)"
1203,Avis,3661,2025,,,,"Small (≤ 50,000)"
1417,Sardoal,3689,2025,,,,"Small (≤ 50,000)"
0411,Vimioso,3716,2025,,,,"Small (≤ 50,000)"
1013,Pedrógão Grande,3739,2025,,,,"Small (≤ 50,000)"
0606,Góis,3820,2025,,,,"Small (≤ 50,000)"
1408,Constância,4048,2025,,,,"Small (≤ 50,000)"
0707,Mora,4143,2025,,,,"Small (≤ 50,000)"
0905,Fornos de Algodres,4159,2025,,,,"Small (≤ 50,000)"
0401,Alfândega da Fé,4210,2025,,,,"Small (≤ 50,000)"
0507,Penamacor,4362,2025,,,,"Small (≤ 50,000)"
0909,Mêda,4364,2025,,,,"Small (≤ 50,000)"
1822,Vila Nova de Paiva,4405,2025,,,,"Small (≤ 50,000)"
1215,Sousel,4506,2025,,,,"Small (≤ 50,000)"
0506,Oleiros,4511,2025,,,,"Small (≤ 50,000)"
1819,Tabuaço,4516,2025,,,,"Small (≤ 50,000)"
0207,Cuba,4640,2025,,,,"Small (≤ 50,000)"
1702,Boticas,4811,2025,,,,"Small (≤ 50,000)"
0904,Figueira de Castelo Rodrigo,4859,2025,,,,"Small (≤ 50,000)"
0901,Aguiar da Beira,4898,2025,,,,"Small (≤ 50,000)"
1818,Sernancelhe,4949,2025,,,,"Small (≤ 50,000)"
0701,Alandroal,4989,2025,,,,"Small (≤ 50,000)"
1707,Murça,5100,2025,,,,"Small (≤ 50,000)"
0212,Ourique,5129,2025,,,,"Small (≤ 50,000)"
0403,Carrazeda de Ansiães,5226,2025,,,,"Small (≤ 50,000)"
1008,Figueiró dos Vinhos,5421,2025,,,,"Small (≤ 50,000)"
0214,Vidigueira,5513,2025,,,,"Small (≤ 50,000)"
1801,Armamar,5545,2025,,,,"Small (≤ 50,000)"
0902,Almeida,5551,2025,,,,"Small (≤ 50,000)"
1710,Sabrosa,5576,2025,,,,"Small (≤ 50,000)"
0713,Viana do Alentejo,5594,2025,,,,"Small (≤ 50,000)"
0809,Monchique,5611,2025,,,,"Small (≤ 50,000)"
1412,Golegã,5650,2025,2.91,5.2760088691796,81.30614670720276,"Small (≤ 50,000)"
0709,Portel,5694,2025,,,,"Small (≤ 50,000)"
0614,Penela,5730,2025,,,,"Small (≤ 50,000)"
0410,Vila Flor,5773,2025,,3.0357142857142856,,"Small (≤ 50,000)"
0914,Vila Nova de Foz Côa,5812,2025,1.95,2.6583161512027487,36.323905189884556,"Small (≤ 50,000)"
1709,Ribeira de Pena,5836,2025,,,,"Small (≤ 50,000)"
0209,Mértola,5976,2025,,,,"Small (≤ 50,000)"
1212,Nisa,6008,2025,,,,"Small (≤ 50,000)"
1711,Santa Marta de Penaguião,6043,2025,,,,"Small (≤ 50,000)"
0406,Miranda do Douro,6065,2025,,3.364077669902913,,"Small (≤ 50,000)"
0501,Belmonte,6173,2025,1.6,3.8788778877887795,142.4298679867987,"Small (≤ 50,000)"
1705,Mondim de Basto,6252,2025,,,,"Small (≤ 50,000)"
1413,Mação,6300,2025,,3.4361739130434783,,"Small (≤ 50,000)"
0310,Terras de Bouro,6366,2025,,,,"Small (≤ 50,000)"
1002,Alvaiázere,6413,2025,,,,"Small (≤ 50,000)"
0710,Redondo,6431,2025,,5.721684210526317,,"Small (≤ 50,000)"
1815,São João da Pesqueira,6458,2025,,,,"Small (≤ 50,000)"
0409,Torre de Moncorvo,6507,2025,,,,"Small (≤ 50,000)"
0703,Borba,6542,2025,2.7,3.089606557377049,14.42987249544625,"Small (≤ 50,000)"
0903,Celorico da Beira,6545,2025,,,,"Small (≤ 50,000)"
0702,Arraiolos,6857,2025,,4.825733634311513,,"Small (≤ 50,000)"
0508,Proença-a-Nova,6960,2025,,4.423427109974424,,"Small (≤ 50,000)"
0202,Almodôvar,7033,2025,3.33,5.391530398322851,61.90781976945496,"Small (≤ 50,000)"
0815,Vila do Bispo,7078,2025,,8.406181410974243,,"Small (≤ 50,000)"
0206,Castro Verde,7096,2025,3.43,,,"Small (≤ 50,000)"
1603,Melgaço,7111,2025,,3.7434864864864865,,"Small (≤ 50,000)"
1811,Penalva do Castelo,7160,2025,,,,"Small (≤ 50,000)"
0412,Vinhais,7223,2025,,,,"Small (≤ 50,000)"
0714,Vila Viçosa,7368,2025,2.31,4.056852791878173,75.62133298173907,"Small (≤ 50,000)"
1820,Tarouca,7448,2025,2.11,,,"Small (≤ 50,000)"
0803,Aljezur,7456,2025,4.42,8.53824120603015,93.17287796448304,"Small (≤ 50,000)"
0617,Vila Nova de Poiares,7507,2025,2.45,4.316121495327103,76.1682242990654,"Small (≤ 50,000)"
0804,Castro Marim,7570,2025,4.86,8.129929245283018,67.28249475890982,"Small (≤ 50,000)"
1404,Alpiarça,7726,2025,,,,"Small (≤ 50,000)"
1420,Vila Nova da Barquinha,7742,2025,2.76,,,"Small (≤ 50,000)"
0913,Trancoso,8022,2025,,,,"Small (≤ 50,000)"
0910,Pinhel,8040,2025,,,,"Small (≤ 50,000)"
0408,Mogadouro,8048,2025,2.52,,,"Small (≤ 50,000)"
1411,Ferreira do Zêzere,8113,2025,,5.149300225733635,,"Small (≤ 50,000)"
1204,Campo Maior,8264,2025,2.47,3.0929617834394905,25.2211248356069,"Small (≤ 50,000)"
0505,Idanha-a-Nova,8360,2025,,,,"Small (≤ 50,000)"
1706,Montalegre,8662,2025,,,,"Small (≤ 50,000)"
1407,Chamusca,8673,2025,2.24,4.394227405247814,96.17086630570594,"Small (≤ 50,000)"
1605,Paredes de Coura,8721,2025,2.49,4.5738219895287955,83.68763010155804,"Small (≤ 50,000)"
1808,Mortágua,9185,2025,2.3,4.166881720430108,81.16877045348296,"Small (≤ 50,000)"
0201,Aljustrel,9319,2025,,6.781441124780316,,"Small (≤ 50,000)"
0911,Sabugal,9368,2025,,3.9933793103448276,,"Small (≤ 50,000)"
1813,Resende,9535,2025,,,,"Small (≤ 50,000)"
1802,Carregal do Sal,9597,2025,2.28,4.239661016949153,85.95004460303304,"Small (≤ 50,000)"
0208,Ferreira do Alentejo,9625,2025,3.31,4.976798143851509,50.35643939128425,"Small (≤ 50,000)"
1824,Vouzela,9668,2025,,5.699517426273458,,"Small (≤ 50,000)"
1807,Moimenta da Beira,9893,2025,,3.33484756097561,,"Small (≤ 50,000)"
1610,Vila Nova de Cerveira,10051,2025,2.78,4.841666666666667,74.16067146282977,"Small (≤ 50,000)"
1701,Alijó,10096,2025,,,,"Small (≤ 50,000)"
0112,Murtosa,10393,2025,3.13,5.802302158273382,85.37706575953298,"Small (≤ 50,000)"
1810,Oliveira de Frades,10502,2025,2.59,4.648259860788864,79.46949269455072,"Small (≤ 50,000)"
0711,Reguengos de Monsaraz,10599,2025,2.72,4.992916666666666,83.563112745098,"Small (≤ 50,000)"
1606,Ponte da Barca,11115,2025,2.24,4.358162162162162,94.56081081081078,"Small (≤ 50,000)"
1814,Santa Comba Dão,11140,2025,2.79,4.161957894736841,49.1741180909262,"Small (≤ 50,000)"
1817,Sátão,11295,2025,1.77,3.462178217821782,95.60328914247356,"Small (≤ 50,000)"
0601,Arganil,11437,2025,2.43,4.5010234541577825,85.22730264023795,"Small (≤ 50,000)"
0311,Vieira do Minho,11657,2025,,,,"Small (≤ 50,000)"
0616,Tábua,11670,2025,2.66,4.56,71.4285714285714,"Small (≤ 50,000)"
1713,Vila Pouca de Aguiar,11794,2025,2.82,4.011173184357542,42.24018384246604,"Small (≤ 50,000)"
0117,Sever do Vouga,11817,2025,2.54,4.176117647058824,64.41408059286708,"Small (≤ 50,000)"
1112,Sobral de Monte Agraço,11858,2025,3.31,5.924132492113564,78.97681245056086,"Small (≤ 50,000)"
1501,Alcácer do Sal,11961,2025,3.56,6.81497596153846,91.43190903197922,"Small (≤ 50,000)"
0906,Gouveia,11963,2025,2.5,3.7553583617747446,50.214334470989776,"Small (≤ 50,000)"
1003,Ansião,12251,2025,2.53,4.703608247422681,85.91336946334707,"Small (≤ 50,000)"
0812,São Brás de Alportel,12305,2025,3.45,6.109342105263158,77.08237986270024,"Small (≤ 50,000)"
0609,Miranda do Corvo,12308,2025,2.66,6.2561797752808985,135.19472839401874,"Small (≤ 50,000)"
0608,Mira,12684,2025,3.26,5.189568345323742,59.18921304674054,"Small (≤ 50,000)"
0704,Estremoz,12858,2025,2.84,4.534598214285714,59.66895120724347,"Small (≤ 50,000)"
0712,Vendas Novas,12860,2025,3.22,7.07,119.56521739130434,"Small (≤ 50,000)"
0613,Penacova,13105,2025,,4.872982456140352,,"Small (≤ 50,000)"
1402,Alcanena,13313,2025,2.39,5.287356321839081,121.22829798489877,"Small (≤ 50,000)"
1803,Castro Daire,13400,2025,2.22,4.333866666666666,95.21921921921918,"Small (≤ 50,000)"
0210,Moura,13615,2025,2.94,4.657004830917875,58.4015248611522,"Small (≤ 50,000)"
0405,Macedo de Cavaleiros,13846,2025,2.1,3.6089341692789967,71.8540080609046,"Small (≤ 50,000)"
1012,Óbidos,13912,2025,3.44,8.117379603399435,135.97033730812313,"Small (≤ 50,000)"
1809,Nelas,13941,2025,2.38,4.91,106.30252100840339,"Small (≤ 50,000)"
1712,Valpaços,14247,2025,2.21,3.5452567975830815,60.41885961914397,"Small (≤ 50,000)"
1104,Cadaval,14280,2025,2.92,6.0982107355864805,108.84283341049593,"Small (≤ 50,000)"
1005,Bombarral,14366,2025,2.83,6.57016393442623,132.1612697677113,"Small (≤ 50,000)"
1708,Peso da Régua,14421,2025,3.16,4.76,50.63291139240504,"Small (≤ 50,000)"
0213,Serpa,14428,2025,,,,"Small (≤ 50,000)"
0509,Sertã,15081,2025,2.69,4.216853932584269,56.7603692410509,"Small (≤ 50,000)"
1505,Grândola,15319,2025,3.6,10.890902255639098,202.52506265664158,"Small (≤ 50,000)"
0304,Cabeceiras de Basto,15490,2025,2.39,4.461642857142857,86.679617453676,"Small (≤ 50,000)"
1608,Valença,15699,2025,3.02,5.337968441814596,76.75392191439059,"Small (≤ 50,000)"
1213,Ponte de Sor,15726,2025,3.19,4.995828220858896,56.609035136642504,"Small (≤ 50,000)"
1816,São Pedro do Sul,15867,2025,2.83,5.815821428571428,105.50605754669355,"Small (≤ 50,000)"
0106,Castelo de Paiva,15875,2025,2.6,3.995121951219512,53.65853658536586,"Small (≤ 50,000)"
1102,Arruda dos Vinhos,16018,2025,3.77,7.440126050420169,97.35082361857212,"Small (≤ 50,000)"
0305,Celorico de Basto,16260,2025,2.38,3.824786324786325,60.7053077641313,"Small (≤ 50,000)"
0706,Montemor-o-Novo,16616,2025,3.47,5.65,62.82420749279538,"Small (≤ 50,000)"
1513,Sines,16943,2025,4.76,15.07,216.59663865546221,"Small (≤ 50,000)"
1302,Baião,16972,2025,2.57,4.247616279069768,65.27689801827891,"Small (≤ 50,000)"
1004,Batalha,17040,2025,2.75,6.759310344827587,145.79310344827587,"Small (≤ 50,000)"
1011,Nazaré,17067,2025,3.53,8.771023427866833,148.4709186364542,"Small (≤ 50,000)"
1602,Caminha,17173,2025,3.56,6.624548551959114,86.08282449323352,"Small (≤ 50,000)"
1804,Cinfães,17485,2025,2.31,4.309508196721311,86.55879639486197,"Small (≤ 50,000)"
0615,Soure,17493,2025,2.83,5.644034707158352,99.43585537662021,"Small (≤ 50,000)"
0604,Condeixa-a-Nova,17703,2025,3.18,6.54,105.66037735849054,"Small (≤ 50,000)"
1409,Coruche,17986,2025,3.33,7.298998035363459,119.18913019109488,"Small (≤ 50,000)"
0607,Lousã,18143,2025,2.64,5.694434782608697,115.69828722002642,"Small (≤ 50,000)"
1604,Monção,18230,2025,2.97,7.022176,136.43690235690235,"Small (≤ 50,000)"
1806,Mangualde,19479,2025,2.35,4.966305882352942,111.33216520650815,"Small (≤ 50,000)"
0301,Amares,19739,2025,2.27,6.033006681514475,165.77121944997688,"Small (≤ 50,000)"
0111,Mealhada,19948,2025,2.93,5.415376782077392,84.82514614598608,"Small (≤ 50,000)"
0611,Oliveira do Hospital,20047,2025,2.46,4.3434,76.5609756097561,"Small (≤ 50,000)"
1502,Alcochete,20407,2025,4.7,10.73810663764962,128.47035399254509,"Small (≤ 50,000)"
1601,Arcos de Valdevez,20450,2025,2.67,5.124342379958246,91.92293557896052,"Small (≤ 50,000)"
0104,Arouca,21459,2025,3.13,5.31168,69.70223642172525,"Small (≤ 50,000)"
0912,Seia,21597,2025,2.48,3.9455334987593047,59.09409269190744,"Small (≤ 50,000)"
0407,Mirandela,21761,2025,2.59,3.2303910614525138,24.72552360820517,"Small (≤ 50,000)"
1207,Elvas,21929,2025,3.04,5.14528384279476,69.25275798666975,"Small (≤ 50,000)"
0119,Vale de Cambra,22066,2025,2.8,5.366798418972333,91.67137210615475,"Small (≤ 50,000)"
0816,Vila Real de Santo António,22349,2025,5.16,10.043999999999999,94.65116279069765,"Small (≤ 50,000)"
0309,Póvoa de Lanhoso,22746,2025,2.48,5.652173913043478,127.91023842917251,"Small (≤ 50,000)"
1103,Azambuja,22755,2025,3.68,8.009854132901136,117.65907969840042,"Small (≤ 50,000)"
1415,Salvaterra de Magos,23952,2025,3.49,6.701535648994516,92.02107876775116,"Small (≤ 50,000)"
0116,São João da Madeira,23991,2025,3.52,7.322955974842766,108.03852201257857,"Small (≤ 50,000)"
1214,Portalegre,24025,2025,3.1,4.390819672131148,41.639344262295076,"Small (≤ 50,000)"
1403,Almeirim,24167,2025,3.19,6.585434083601287,106.43993992480523,"Small (≤ 50,000)"
1410,Entroncamento,24743,2025,3.06,7.444457831325302,143.28293566422556,"Small (≤ 50,000)"
1805,Lamego,24768,2025,2.41,4.298504672897196,78.36118974677161,"Small (≤ 50,000)"
1016,Porto de Mós,25057,2025,2.51,5.474331797235023,118.10086841573799,"Small (≤ 50,000)"
0610,Montemor-o-Velho,25301,2025,2.89,5.746153846153847,98.8288528080916,"Small (≤ 50,000)"
1414,Rio Maior,25412,2025,3.02,4.986380597014926,65.11194029850749,"Small (≤ 50,000)"
1406,Cartaxo,25413,2025,3.16,6.151940850277264,94.68167247712861,"Small (≤ 50,000)"
0314,Vizela,25437,2025,2.63,5.498615702479339,109.07284039845395,"Small (≤ 50,000)"
0118,Vagos,25524,2025,2.93,5.9512264150943395,103.11352952540406,"Small (≤ 50,000)"
0114,Oliveira do Bairro,25698,2025,2.82,6.073029739776952,115.35566453109757,"Small (≤ 50,000)"
0102,Albergaria-a-Velha,26362,2025,3.31,6.671808510638298,101.56521180176128,"Small (≤ 50,000)"
1821,Tondela,26912,2025,3.02,5.828343313373254,92.99150044282298,"Small (≤ 50,000)"
0108,Estarreja,27746,2025,3.12,6.219892086330936,99.35551558753,"Small (≤ 50,000)"
0504,Fundão,27754,2025,2.91,5.097902097902098,75.18563910316489,"Small (≤ 50,000)"
0806,Lagoa,28548,2025,4.63,10.331450653983353,123.14148280741585,"Small (≤ 50,000)"
0103,Anadia,29259,2025,3.02,5.595539568345324,85.28276716375245,"Small (≤ 50,000)"
1108,Lourinhã,30056,2025,3.41,7.227070866141733,111.93756205694231,"Small (≤ 50,000)"
1509,Santiago do Cacém,30226,2025,3.92,10.11370238095238,158.0026117589893,"Small (≤ 50,000)"
1014,Peniche,30262,2025,3.62,7.6379190751445085,110.99223964487592,"Small (≤ 50,000)"
0107,Espinho,32455,2025,4.49,9.420700934579436,109.81516558083375,"Small (≤ 50,000)"
0814,Tavira,33006,2025,4.96,11.057289156626506,122.92921686746988,"Small (≤ 50,000)"
1405,Benavente,33923,2025,3.65,8.027387640449438,119.92842850546408,"Small (≤ 50,000)"
0602,Cantanhede,35779,2025,2.8,5.666666666666666,102.38095238095238,"Small (≤ 50,000)"
1401,Abrantes,36106,2025,2.65,6.180238568588468,133.21654975805538,"Small (≤ 50,000)"
1419,Torres Novas,36208,2025,3.15,6.877796901893288,118.3427587902631,"Small (≤ 50,000)"
1418,Tomar,37971,2025,3.29,7.22,119.45288753799392,"Small (≤ 50,000)"
1703,Chaves,38014,2025,3.06,5.583027718550106,82.45188622712764,"Small (≤ 50,000)"
0402,Bragança,38309,2025,2.66,4.007444168734491,50.65579581708612,"Small (≤ 50,000)"
0306,Esposende,39069,2025,3.83,8.05317415730337,110.26564379382168,"Small (≤ 50,000)"
0205,Beja,39627,2025,3.76,6.617088607594936,75.98639913816321,"Small (≤ 50,000)"
0907,Guarda,40687,2025,2.9,4.841986754966887,66.96506051609954,"Small (≤ 50,000)"
0807,Lagos,40729,2025,5.28,11.954138888888886,126.40414562289557,"Small (≤ 50,000)"
1318,Trofa,41512,2025,3.45,7.8796946564885495,128.3969465648855,"Small (≤ 50,000)"
1607,Ponte de Lima,42933,2025,2.83,5.939054545454545,109.86058464503694,"Small (≤ 50,000)"
0110,Ílhavo,43297,2025,3.91,7.702723735408561,97.00060704369722,"Small (≤ 50,000)"
0211,Odemira,44043,2025,3.96,6.63566037735849,67.56718124642651,"Small (≤ 50,000)"
1010,Marinha Grande,45511,2025,3.28,6.383804537521814,94.62818711956751,"Small (≤ 50,000)"
0813,Silves,45884,2025,4.38,9.629493949394938,119.85146003184792,"Small (≤ 50,000)"
0810,Olhão,48826,2025,4.09,8.915302267002518,117.9780505379589,"Small (≤ 50,000)"
1421,Ourém,48834,2025,3.17,6.792746113989638,114.28221179778038,"Small (≤ 50,000)"
0313,Vila Verde,49649,2025,2.52,6.13265306122449,143.3592484612893,"Small (≤ 50,000)"
0307,Fafe,50392,2025,2.57,5.073994910941476,97.43170859694462,"Large (> 50,000)"
1305,Lousada,50476,2025,2.21,4.86,119.90950226244345,"Large (> 50,000)"
0101,Águeda,50635,2025,3.02,5.8871119133574,94.93748057474835,"Large (> 50,000)"
1101,Alenquer,50718,2025,3.93,8.79,123.66412213740455,"Large (> 50,000)"
1307,Marco de Canaveses,50838,2025,2.5,5.079693094629156,103.18772378516626,"Large (> 50,000)"
0503,Covilhã,51045,2025,2.93,5.789962825278811,97.60965273989113,"Large (> 50,000)"
1301,Amarante,52669,2025,2.7,5.033117206982543,86.41174840676085,"Large (> 50,000)"
1714,Vila Real,52964,2025,3.35,5.611223021582734,67.49919467411145,"Large (> 50,000)"
1015,Pombal,54992,2025,3.12,5.409090909090909,73.36829836829837,"Large (> 50,000)"
1303,Felgueiras,57432,2025,2.53,4.283096590909092,69.29235537190088,"Large (> 50,000)"
1309,Paços de Ferreira,57467,2025,2.75,5.54,101.45454545454547,"Large (> 50,000)"
0115,Ovar,58091,2025,3.72,7.428000000000001,99.67741935483872,"Large (> 50,000)"
0502,Castelo Branco,58197,2025,2.94,4.919103869653768,67.31645815148872,"Large (> 50,000)"
0705,Évora,58567,2025,4.77,8.120152866242039,70.23381270947672,"Large (> 50,000)"
1006,Caldas da Rainha,58983,2025,3.67,8.187403314917127,123.09000858084814,"Large (> 50,000)"
1511,Sesimbra,59440,2025,4.68,9.927314715359827,112.12210930256043,"Large (> 50,000)"
1001,Alcobaça,60881,2025,3.26,7.091503267973856,117.53077509122258,"Large (> 50,000)"
0801,Albufeira,63375,2025,5.78,11.763604108309991,103.5225624275085,"Large (> 50,000)"
0605,Figueira da Foz,65852,2025,3.75,8.097925311203317,115.94467496542178,"Large (> 50,000)"
1507,Montijo,68064,2025,4.47,10.24617420066152,129.22089934365815,"Large (> 50,000)"
1416,Santarém,69392,2025,3.33,7.9483307573415765,138.68861133157887,"Large (> 50,000)"
1314,Santo Tirso,69810,2025,2.93,5.801149425287357,97.99144796202583,"Large (> 50,000)"
0113,Oliveira de Azeméis,70027,2025,2.85,5.526861598440545,93.92496836633492,"Large (> 50,000)"
1311,Penafiel,71719,2025,2.79,5.63304347826087,101.9011999376656,"Large (> 50,000)"
1313,Póvoa de Varzim,72364,2025,4.01,9.157416563658838,128.36450283438498,"Large (> 50,000)"
1508,Palmela,77044,2025,4.31,9.638084112149533,123.62144111715855,"Large (> 50,000)"
0811,Portimão,78125,2025,4.93,11.610857142857142,135.51434366850188,"Large (> 50,000)"
1506,Moita,78541,2025,4.03,10.671076233183857,164.7909735281354,"Large (> 50,000)"
0805,Faro,80256,2025,4.96,9.598622620380738,93.52061734638583,"Large (> 50,000)"
1316,Vila do Conde,86245,2025,4.0,8.730714285714287,118.26785714285717,"Large (> 50,000)"
1310,Paredes,88858,2025,2.91,5.571617647058824,91.46452395391147,"Large (> 50,000)"
0105,Aveiro,91397,2025,4.48,8.871523915461623,98.02508739869691,"Large (> 50,000)"
1504,Barreiro,91766,2025,4.55,11.685084409136046,156.815041959034,"Large (> 50,000)"
1609,Viana do Castelo,92860,2025,3.69,7.788857142857142,111.08013937282229,"Large (> 50,000)"
0808,Loulé,94447,2025,5.6,12.117027272727274,116.37548701298704,"Large (> 50,000)"
1113,Torres Vedras,94886,2025,4.22,9.24422879177378,119.05755430743557,"Large (> 50,000)"
1109,Mafra,96146,2025,4.73,10.788113989637306,128.07851986548212,"Large (> 50,000)"
1315,Valongo,98930,2025,4.11,8.702287581699347,111.73449103891353,"Large (> 50,000)"
1823,Viseu,109166,2025,3.34,6.311405492730209,88.96423630928771,"Large (> 50,000)"
0302,Barcelos,122487,2025,3.29,6.074455782312925,84.63391435601595,"Large (> 50,000)"
1512,Setúbal,141266,2025,4.5,10.808,140.17777777777778,"Large (> 50,000)"
1306,Maia,142129,2025,4.78,9.73638985005767,103.6901642271479,"Large (> 50,000)"
0109,Santa Maria da Feira,142676,2025,3.31,6.670320404721754,101.52025391908622,"Large (> 50,000)"
0312,Vila Nova de Famalicão,143801,2025,3.33,6.666497461928934,100.19511897684485,"Large (> 50,000)"
1009,Leiria,145861,2025,3.82,7.309628571428571,91.35153328347046,"Large (> 50,000)"
1114,Vila Franca de Xira,152007,2025,4.86,10.973781855249744,125.79798056069431,"Large (> 50,000)"
0603,Coimbra,156359,2025,4.95,8.648689492325854,74.72099984496674,"Large (> 50,000)"
0308,Guimarães,165554,2025,3.2,7.1180679785330945,122.43962432915919,"Large (> 50,000)"
1304,Gondomar,170597,2025,4.18,8.994308300395256,115.17483972237454,"Large (> 50,000)"
1308,Matosinhos,181930,2025,5.99,12.120000000000001,102.3372287145242,"Large (> 50,000)"
1116,Odivelas,185736,2025,6.17,12.645103092783504,104.9449447776905,"Large (> 50,000)"
1110,Oeiras,188056,2025,7.84,15.614224137931036,99.1610221674877,"Large (> 50,000)"
1510,Seixal,198254,2025,4.87,11.348662674650699,133.03208777516832,"Large (> 50,000)"
1503,Almada,202896,2025,6.0,13.514635373009222,125.24392288348704,"Large (> 50,000)"
1115,Amadora,205517,2025,6.43,13.078333333333335,103.3955417314671,"Large (> 50,000)"
0303,Braga,212635,2025,3.79,8.302139303482587,119.05380747975163,"Large (> 50,000)"
1107,Loures,236988,2025,5.8,12.036022514071295,107.51762955295337,"Large (> 50,000)"
1105,Cascais,242619,2025,8.06,16.349447969543146,102.84674900177598,"Large (> 50,000)"
1312,Porto,273476,2025,6.77,13.789432248296745,103.6843758980317,"Large (> 50,000)"
1317,Vila Nova de Gaia,323202,2025,4.81,10.61265625,120.6373440748441,"Large (> 50,000)"
1111,Sintra,449956,2025,5.26,11.557298907646475,119.72051155221438,"Large (> 50,000)"
1106,Lisboa,658236,2025,9.62,17.02390557939914,76.96367546152956,"Large (> 50,000)"
